English,French,German,Spanish (LATAM),Portuguese (Brazil),Indonesian
html,html,html,html,html,html
How to Count Alcohol Units - Mindrink,Comment compter les unités d’alcool – Mindrink,Wie man Alkoholeinheiten zählt – Mindrink,Cómo contar unidades de alcohol – Mindrink,Como contar unidades de álcool – Mindrink,Cara menghitung unit alkohol – Mindrink
Sticky Header,En-tête fixe,Fixierter Header,Encabezado fijo,Cabeçalho fixo,Header tetap
Mindrink,Mindrink,Mindrink,Mindrink,Mindrink,Mindrink
Why Mindrink,Pourquoi Mindrink,Warum Mindrink,Por qué Mindrink,Por que Mindrink,Mengapa Mindrink
How it works,Comment ça marche,So funktioniert es,Cómo funciona,Como funciona,Cara kerja
Methodology,Méthodologie,Methodik,Metodología,Metodologia,Metodologi
Blog,Blog,Blog,Blog,Blog,Blog
About,À propos,Über,Acerca de,Sobre,Tentang
Intro Section,Section d’introduction,Einleitungsabschnitt,Sección de introducción,Seção de introdução,Bagian pengantar
How to Count Alcohol Units,Comment compter les unités d’alcool,Alkoholeinheiten zählen,Cómo contar unidades de alcohol,Como contar unidades de álcool,Cara menghitung unit alkohol
Understanding alcohol units helps you better understand your drinking habits.,Comprendre les unités d’alcool vous aide à mieux comprendre vos habitudes de consommation.,"Das Verständnis von Alkoholeinheiten hilft Ihnen, Ihre Trinkgewohnheiten besser einzuordnen.",Comprender las unidades de alcohol te ayuda a entender mejor tus hábitos de consumo.,Entender as unidades de álcool ajuda você a compreender melhor seus hábitos de consumo.,Memahami unit alkohol membantu Anda lebih memahami kebiasaan minum Anda.
An alcohol unit is a simple way to measure the amount of pure alcohol in a drink.,Une unité d’alcool est une manière simple de mesurer la quantité d’alcool pur dans une boisson.,"Eine Alkoholeinheit ist eine einfache Methode, die Menge an reinem Alkohol in einem Getränk zu messen.",Una unidad de alcohol es una forma sencilla de medir la cantidad de alcohol puro en una bebida.,Uma unidade de álcool é uma forma simples de medir a quantidade de álcool puro em uma bebida.,Unit alkohol adalah cara sederhana untuk mengukur jumlah alkohol murni dalam minuman.
"Different drinks contain different amounts of alcohol depending on size, strength, and type.","Les boissons contiennent des quantités d’alcool différentes selon leur taille, leur degré et leur type.","Unterschiedliche Getränke enthalten je nach Größe, Stärke und Art unterschiedliche Mengen Alkohol.","Diferentes bebidas contienen distintas cantidades de alcohol según el tamaño, la graduación y el tipo.","Diferentes bebidas contêm quantidades diferentes de álcool dependendo do tamanho, teor alcoólico e tipo.","Setiap jenis minuman mengandung jumlah alkohol yang berbeda tergantung ukuran, kadar, dan jenisnya."
Why Units Matter,Pourquoi les unités sont importantes,Warum Einheiten wichtig sind,Por qué las unidades importan,Por que as unidades importam,Mengapa unit itu penting
Tracking units helps you see patterns over time rather than focusing on individual drinks.,Suivre les unités vous aide à voir des tendances dans le temps plutôt que de vous concentrer sur des boissons isolées.,"Das Erfassen von Einheiten hilft, Muster über die Zeit zu erkennen, statt sich auf einzelne Getränke zu konzentrieren.",Registrar unidades te ayuda a ver patrones a lo largo del tiempo en lugar de enfocarte en bebidas individuales.,Acompanhar as unidades ajuda você a ver padrões ao longo do tempo em vez de focar em bebidas isoladas.,"Mencatat unit membantu Anda melihat pola dari waktu ke waktu, bukan hanya minuman individual."
It provides a clearer picture of your overall consumption.,Cela donne une image plus claire de votre consommation globale.,Dadurch erhalten Sie ein klareres Bild Ihres gesamten Konsums.,Ofrece una imagen más clara de tu consumo general.,Isso fornece uma visão mais clara do seu consumo geral.,Ini memberikan gambaran yang lebih jelas tentang konsumsi Anda secara keseluruhan.
Examples of Alcohol Units,Exemples d’unités d’alcool,Beispiele für Alkoholeinheiten,Ejemplos de unidades de alcohol,Exemplos de unidades de álcool,Contoh unit alkohol
"A standard beer, glass of wine, or shot can represent different unit counts depending on size and strength.","Une bière standard, un verre de vin ou un shot peuvent représenter différents nombres d’unités selon leur taille et leur degré.","Ein Standardbier, ein Glas Wein oder ein Shot können je nach Größe und Stärke unterschiedliche Einheiten darstellen.","Una cerveza estándar, una copa de vino o un trago pueden representar distintas cantidades de unidades según su tamaño y graduación.","Uma cerveja padrão, uma taça de vinho ou uma dose podem representar quantidades diferentes de unidades dependendo do tamanho e teor alcoólico.","Satu bir standar, segelas anggur, atau satu shot dapat mewakili jumlah unit yang berbeda tergantung ukuran dan kadar alkoholnya."
Always check labels and serving sizes for more accurate estimates.,Vérifiez toujours les étiquettes et les tailles de portion pour des estimations plus précises.,Überprüfen Sie stets Etiketten und Portionsgrößen für genauere Schätzungen.,Siempre revisa las etiquetas y tamaños de porción para estimaciones más precisas.,Sempre verifique os rótulos e tamanhos das porções para estimativas mais precisas.,Selalu periksa label dan ukuran sajian untuk perkiraan yang lebih akurat.
Footer,Pied de page,Footer,Pie de página,Rodapé,Footer
2024,2024,2024,2024,2024,2024
Mindrink. All rights reserved.,Mindrink. Tous droits réservés.,Mindrink. Alle Rechte vorbehalten.,Mindrink. Todos los derechos reservados.,Mindrink. Todos os direitos reservados.,Mindrink. Seluruh hak cipta dilindungi.
Home,Accueil,Startseite,Inicio,Início,Beranda
About Mindrink,À propos de Mindrink,Über Mindrink,Acerca de Mindrink,Sobre o Mindrink,Tentang Mindrink
Feedback,Retour,Feedback,Comentarios,Feedback,Masukan
Mobile menu toggle,Bascule du menu mobile,Umschalter für mobiles Menü,Alternar menú móvil,Alternar menu móvel,Tombol menu seluler